Time,numTrans
1/3/09 0:00,1
1/5/09 0:00,0
1/7/09 0:00,0
1/9/09 0:00,14
1/11/09 0:00,106
1/13/09 0:00,116
1/15/09 0:00,136
1/17/09 0:00,109
1/19/09 0:00,120
1/21/09 0:00,115
1/23/09 0:00,68
1/25/09 0:00,195
1/27/09 0:00,105
1/29/09 0:00,122
1/31/09 0:00,129
2/2/09 0:00,127
2/4/09 0:00,126
2/6/09 0:00,129
2/8/09 0:00,135
2/10/09 0:00,127
2/12/09 0:00,119
2/14/09 0:00,141
2/16/09 0:00,123
2/18/09 0:00,124
2/20/09 0:00,129
2/22/09 0:00,125
2/24/09 0:00,111
2/26/09 0:00,96
2/28/09 0:00,103
3/2/09 0:00,104
3/4/09 0:00,106
3/6/09 0:00,119
3/8/09 0:00,115
3/10/09 0:00,105
3/12/09 0:00,119
3/14/09 0:00,116
3/16/09 0:00,131
3/18/09 0:00,110
3/20/09 0:00,119
3/22/09 0:00,97
3/24/09 0:00,105
3/26/09 0:00,114
3/28/09 0:00,122
3/30/09 0:00,125
4/1/09 0:00,107
4/3/09 0:00,113
4/5/09 0:00,129
4/7/09 0:00,99
4/9/09 0:00,99
4/11/09 0:00,123
4/13/09 0:00,118
4/15/09 0:00,112
4/17/09 0:00,115
4/19/09 0:00,121
4/21/09 0:00,125
4/23/09 0:00,80
4/25/09 0:00,122
4/27/09 0:00,105
4/29/09 0:00,123
5/1/09 0:00,123
5/3/09 0:00,115
5/5/09 0:00,133
5/7/09 0:00,121
5/9/09 0:00,91
5/11/09 0:00,120
5/13/09 0:00,117
5/15/09 0:00,145
5/17/09 0:00,125
5/19/09 0:00,100
5/21/09 0:00,89
5/23/09 0:00,7
5/25/09 0:00,112
5/27/09 0:00,125
5/29/09 0:00,108
5/31/09 0:00,118
6/2/09 0:00,89
6/4/09 0:00,39
6/6/09 0:00,24
6/8/09 0:00,72
6/10/09 0:00,83
6/12/09 0:00,91
6/14/09 0:00,70
6/16/09 0:00,73
6/18/09 0:00,81
6/20/09 0:00,84
6/22/09 0:00,81
6/24/09 0:00,87
6/26/09 0:00,90
6/28/09 0:00,52
6/30/09 0:00,89
7/2/09 0:00,72
7/4/09 0:00,89
7/6/09 0:00,91
7/8/09 0:00,79
7/10/09 0:00,82
7/12/09 0:00,76
7/14/09 0:00,72
7/16/09 0:00,69
7/18/09 0:00,3
7/20/09 0:00,75
7/22/09 0:00,69
7/24/09 0:00,75
7/26/09 0:00,13
7/28/09 0:00,44
7/30/09 0:00,16
8/1/09 0:00,23
8/3/09 0:00,15
8/5/09 0:00,91
8/7/09 0:00,74
8/9/09 0:00,98
8/11/09 0:00,67
8/13/09 0:00,81
8/15/09 0:00,34
8/17/09 0:00,17
8/19/09 0:00,15
8/21/09 0:00,16
8/23/09 0:00,12
8/25/09 0:00,55
8/27/09 0:00,33
8/29/09 0:00,83
8/31/09 0:00,95
9/2/09 0:00,68
9/4/09 0:00,63
9/6/09 0:00,72
9/8/09 0:00,66
9/10/09 0:00,61
9/12/09 0:00,71
9/14/09 0:00,81
9/16/09 0:00,59
9/18/09 0:00,81
9/20/09 0:00,79
9/22/09 0:00,35
9/24/09 0:00,82
9/26/09 0:00,94
9/28/09 0:00,88
9/30/09 0:00,87
10/2/09 0:00,76
10/4/09 0:00,61
10/6/09 0:00,43
10/8/09 0:00,70
10/10/09 0:00,77
10/12/09 0:00,63
10/14/09 0:00,56
10/16/09 0:00,66
10/18/09 0:00,65
10/20/09 0:00,111
10/22/09 0:00,88
10/24/09 0:00,75
10/26/09 0:00,65
10/28/09 0:00,64
10/30/09 0:00,62
11/1/09 0:00,30
11/3/09 0:00,57
11/5/09 0:00,65
11/7/09 0:00,76
11/9/09 0:00,65
11/11/09 0:00,78
11/13/09 0:00,73
11/15/09 0:00,96
11/17/09 0:00,91
11/19/09 0:00,73
11/21/09 0:00,77
11/23/09 0:00,96
11/25/09 0:00,85
11/27/09 0:00,75
11/29/09 0:00,58
12/1/09 0:00,66
12/3/09 0:00,85
12/5/09 0:00,52
12/7/09 0:00,94
12/9/09 0:00,104
12/11/09 0:00,125
12/13/09 0:00,104
12/15/09 0:00,117
12/17/09 0:00,163
12/19/09 0:00,225
12/21/09 0:00,188
12/23/09 0:00,169
12/25/09 0:00,158
12/27/09 0:00,170
12/29/09 0:00,164
12/31/09 0:00,150
1/2/10 0:00,132
1/4/10 0:00,192
1/6/10 0:00,158
1/8/10 0:00,150
1/10/10 0:00,191
1/12/10 0:00,168
1/14/10 0:00,159
1/16/10 0:00,135
1/18/10 0:00,130
1/20/10 0:00,140
1/22/10 0:00,152
1/24/10 0:00,148
1/26/10 0:00,208
1/28/10 0:00,176
1/30/10 0:00,183
2/1/10 0:00,189
2/3/10 0:00,246
2/5/10 0:00,250
2/7/10 0:00,210
2/9/10 0:00,211
2/11/10 0:00,181
2/13/10 0:00,227
2/15/10 0:00,194
2/17/10 0:00,244
2/19/10 0:00,183
2/21/10 0:00,218
2/23/10 0:00,252
2/25/10 0:00,150
2/27/10 0:00,176
3/1/10 0:00,187
3/3/10 0:00,151
3/5/10 0:00,178
3/7/10 0:00,178
3/9/10 0:00,149
3/11/10 0:00,154
3/13/10 0:00,160
3/15/10 0:00,128
3/17/10 0:00,127
3/19/10 0:00,144
3/21/10 0:00,191
3/23/10 0:00,215
3/25/10 0:00,197
3/27/10 0:00,182
3/29/10 0:00,205
3/31/10 0:00,213
4/2/10 0:00,155
4/4/10 0:00,175
4/6/10 0:00,175
4/8/10 0:00,208
4/10/10 0:00,294
4/12/10 0:00,270
4/14/10 0:00,230
4/16/10 0:00,234
4/18/10 0:00,1337
4/20/10 0:00,242
4/22/10 0:00,210
4/24/10 0:00,191
4/26/10 0:00,220
4/28/10 0:00,219
4/30/10 0:00,181
5/2/10 0:00,197
5/4/10 0:00,151
5/6/10 0:00,173
5/8/10 0:00,170
5/10/10 0:00,161
5/12/10 0:00,147
5/14/10 0:00,148
5/16/10 0:00,118
5/18/10 0:00,217
5/20/10 0:00,221
5/22/10 0:00,227
5/24/10 0:00,262
5/26/10 0:00,259
5/28/10 0:00,265
5/30/10 0:00,200
6/1/10 0:00,178
6/3/10 0:00,219
6/5/10 0:00,188
6/7/10 0:00,211
6/9/10 0:00,199
6/11/10 0:00,248
6/13/10 0:00,221
6/15/10 0:00,288
6/17/10 0:00,208
6/19/10 0:00,218
6/21/10 0:00,242
6/23/10 0:00,242
6/25/10 0:00,227
6/27/10 0:00,215
6/29/10 0:00,253
7/1/10 0:00,273
7/3/10 0:00,283
7/5/10 0:00,243
7/7/10 0:00,209
7/9/10 0:00,258
7/11/10 0:00,242
7/13/10 0:00,1739
7/15/10 0:00,1793
7/17/10 0:00,462
7/19/10 0:00,487
7/21/10 0:00,465
7/23/10 0:00,392
7/25/10 0:00,2337
7/27/10 0:00,445
7/29/10 0:00,3455
7/31/10 0:00,295
8/2/10 0:00,413
8/4/10 0:00,375
8/6/10 0:00,368
8/8/10 0:00,323
8/10/10 0:00,402
8/12/10 0:00,407
8/14/10 0:00,424
8/16/10 0:00,318
8/18/10 0:00,377
8/20/10 0:00,398
8/22/10 0:00,350
8/24/10 0:00,337
8/26/10 0:00,374
8/28/10 0:00,348
8/30/10 0:00,288
9/1/10 0:00,408
9/3/10 0:00,314
9/5/10 0:00,303
9/7/10 0:00,271
9/9/10 0:00,343
9/11/10 0:00,296
9/13/10 0:00,436
9/15/10 0:00,450
9/17/10 0:00,379
9/19/10 0:00,339
9/21/10 0:00,636
9/23/10 0:00,698
9/25/10 0:00,451
9/27/10 0:00,639
9/29/10 0:00,998
10/1/10 0:00,563
10/3/10 0:00,401
10/5/10 0:00,353
10/7/10 0:00,370
10/9/10 0:00,382
10/11/10 0:00,348
10/13/10 0:00,350
10/15/10 0:00,333
10/17/10 0:00,485
10/19/10 0:00,964
10/21/10 0:00,602
10/23/10 0:00,623
10/25/10 0:00,479
10/27/10 0:00,569
10/29/10 0:00,466
10/31/10 0:00,311
11/2/10 0:00,283
11/4/10 0:00,339
11/6/10 0:00,389
11/8/10 0:00,498
11/10/10 0:00,372
11/12/10 0:00,296
11/14/10 0:00,399
11/16/10 0:00,12087
11/18/10 0:00,434
11/20/10 0:00,12322
11/22/10 0:00,395
11/24/10 0:00,2749
11/26/10 0:00,1542
11/28/10 0:00,457
11/30/10 0:00,455
12/2/10 0:00,472
12/4/10 0:00,402
12/6/10 0:00,447
12/8/10 0:00,537
12/10/10 0:00,382
12/12/10 0:00,564
12/14/10 0:00,683
12/16/10 0:00,523
12/18/10 0:00,466
12/20/10 0:00,934
12/22/10 0:00,634
12/24/10 0:00,578
12/26/10 0:00,650
12/28/10 0:00,584
12/30/10 0:00,542
1/1/11 0:00,594
1/3/11 0:00,853
1/5/11 0:00,1192
1/7/11 0:00,880
1/9/11 0:00,1193
1/11/11 0:00,1262
1/13/11 0:00,1271
1/15/11 0:00,932
1/17/11 0:00,816
1/19/11 0:00,967
1/21/11 0:00,1047
1/23/11 0:00,1073
1/25/11 0:00,965
1/27/11 0:00,900
1/29/11 0:00,1290
1/31/11 0:00,1815
2/2/11 0:00,1004
2/4/11 0:00,918
2/6/11 0:00,857
2/8/11 0:00,842
2/10/11 0:00,1866
2/12/11 0:00,1903
2/14/11 0:00,1978
2/16/11 0:00,2062
2/18/11 0:00,2086
2/20/11 0:00,1698
2/22/11 0:00,2152
2/24/11 0:00,1957
2/26/11 0:00,1964
2/28/11 0:00,1932
3/2/11 0:00,2974
3/4/11 0:00,2119
3/6/11 0:00,1918
3/8/11 0:00,2530
3/10/11 0:00,1491
3/12/11 0:00,2812
3/14/11 0:00,2981
3/16/11 0:00,3237
3/18/11 0:00,2759
3/20/11 0:00,2674
3/22/11 0:00,2301
3/24/11 0:00,2218
3/26/11 0:00,2987
3/28/11 0:00,3420
3/30/11 0:00,1625
4/1/11 0:00,1573
4/3/11 0:00,1603
4/5/11 0:00,2272
4/7/11 0:00,1842
4/9/11 0:00,1749
4/11/11 0:00,1879
4/13/11 0:00,2480
4/15/11 0:00,2001
4/17/11 0:00,2320
4/19/11 0:00,3567
4/21/11 0:00,1912
4/23/11 0:00,2100
4/25/11 0:00,2516
4/27/11 0:00,4550
4/29/11 0:00,3474
5/1/11 0:00,4648
5/3/11 0:00,3235
5/5/11 0:00,3399
5/7/11 0:00,3889
5/9/11 0:00,3560
5/11/11 0:00,3272
5/13/11 0:00,4404
5/15/11 0:00,3990
5/17/11 0:00,4355
5/19/11 0:00,5131
5/21/11 0:00,4822
5/23/11 0:00,5775
5/25/11 0:00,6172
5/27/11 0:00,5491
5/29/11 0:00,4725
5/31/11 0:00,6203
6/2/11 0:00,7157
6/4/11 0:00,8773
6/6/11 0:00,9808
6/8/11 0:00,11394
6/10/11 0:00,11233
6/12/11 0:00,11668
6/14/11 0:00,12602
6/16/11 0:00,11777
6/18/11 0:00,12025
6/20/11 0:00,11278
6/22/11 0:00,11810
6/24/11 0:00,11134
6/26/11 0:00,10298
6/28/11 0:00,10892
6/30/11 0:00,9885
7/2/11 0:00,9454
7/4/11 0:00,9495
7/6/11 0:00,11053
7/8/11 0:00,8211
7/10/11 0:00,8057
7/12/11 0:00,8795
7/14/11 0:00,8419
7/16/11 0:00,7821
7/18/11 0:00,8185
7/20/11 0:00,8545
7/22/11 0:00,8437
7/24/11 0:00,7866
7/26/11 0:00,8401
7/28/11 0:00,7818
7/30/11 0:00,6854
8/1/11 0:00,8032
8/3/11 0:00,8054
8/5/11 0:00,7308
8/7/11 0:00,6725
8/9/11 0:00,8638
8/11/11 0:00,8116
8/13/11 0:00,7386
8/15/11 0:00,8347
8/17/11 0:00,8128
8/19/11 0:00,7787
8/21/11 0:00,7355
8/23/11 0:00,7425
8/25/11 0:00,7082
8/27/11 0:00,6988
8/29/11 0:00,7807
8/31/11 0:00,7280
9/2/11 0:00,6917
9/4/11 0:00,6612
9/6/11 0:00,7705
9/8/11 0:00,6481
9/10/11 0:00,6453
9/12/11 0:00,6422
9/14/11 0:00,6515
9/16/11 0:00,6042
9/18/11 0:00,5775
9/20/11 0:00,7420
9/22/11 0:00,6808
9/24/11 0:00,6231
9/26/11 0:00,5917
9/28/11 0:00,5795
9/30/11 0:00,5762
10/2/11 0:00,5145
10/4/11 0:00,5316
10/6/11 0:00,6004
10/8/11 0:00,5604
10/10/11 0:00,5530
10/12/11 0:00,6498
10/14/11 0:00,5676
10/16/11 0:00,4878
10/18/11 0:00,5562
10/20/11 0:00,4708
10/22/11 0:00,4820
10/24/11 0:00,5919
10/26/11 0:00,5307
10/28/11 0:00,5111
10/30/11 0:00,4888
11/1/11 0:00,5885
11/3/11 0:00,5746
11/5/11 0:00,6575
11/7/11 0:00,5329
11/9/11 0:00,6627
11/11/11 0:00,5439
11/13/11 0:00,5088
11/15/11 0:00,6442
11/17/11 0:00,5596
11/19/11 0:00,4909
11/21/11 0:00,5044
11/23/11 0:00,5620
11/25/11 0:00,5374
11/27/11 0:00,4794
11/29/11 0:00,6529
12/1/11 0:00,6735
12/3/11 0:00,5533
12/5/11 0:00,6347
12/7/11 0:00,7119
12/9/11 0:00,5686
12/11/11 0:00,5240
12/13/11 0:00,5515
12/15/11 0:00,5476
12/17/11 0:00,4819
12/19/11 0:00,5200
12/21/11 0:00,5667
12/23/11 0:00,5740
12/25/11 0:00,5307
12/27/11 0:00,5571
12/29/11 0:00,5023
12/31/11 0:00,5357
1/2/12 0:00,5809
1/4/12 0:00,5636
1/6/12 0:00,6361
1/8/12 0:00,6290
1/10/12 0:00,6589
1/12/12 0:00,6943
1/14/12 0:00,6734
1/16/12 0:00,6685
1/18/12 0:00,7215
1/20/12 0:00,6718
1/22/12 0:00,5259
1/24/12 0:00,6817
1/26/12 0:00,6736
1/28/12 0:00,6095
1/30/12 0:00,6019
2/1/12 0:00,6900
2/3/12 0:00,6943
2/5/12 0:00,6616
2/7/12 0:00,6799
2/9/12 0:00,7259
2/11/12 0:00,7624
2/13/12 0:00,7514
2/15/12 0:00,9511
2/17/12 0:00,7128
2/19/12 0:00,5932
2/21/12 0:00,6348
2/23/12 0:00,7881
2/25/12 0:00,6588
2/27/12 0:00,6475
2/29/12 0:00,6825
3/2/12 0:00,7696
3/4/12 0:00,6017
3/6/12 0:00,6713
3/8/12 0:00,6635
3/10/12 0:00,6054
3/12/12 0:00,5728
3/14/12 0:00,7096
3/16/12 0:00,6706
3/18/12 0:00,5745
3/20/12 0:00,6604
3/22/12 0:00,6756
3/24/12 0:00,6461
3/26/12 0:00,6469
3/28/12 0:00,7134
3/30/12 0:00,7174
4/1/12 0:00,5619
4/3/12 0:00,7539
4/5/12 0:00,6977
4/7/12 0:00,6152
4/9/12 0:00,6045
4/11/12 0:00,7485
4/13/12 0:00,7549
4/15/12 0:00,7313
4/17/12 0:00,8354
4/19/12 0:00,8023
4/21/12 0:00,7770
4/23/12 0:00,6845
4/25/12 0:00,7746
4/27/12 0:00,7066
4/29/12 0:00,8050
5/1/12 0:00,10070
5/3/12 0:00,12283
5/5/12 0:00,13590
5/7/12 0:00,16283
5/9/12 0:00,18865
5/11/12 0:00,14196
5/13/12 0:00,14084
5/15/12 0:00,20817
5/17/12 0:00,14892
5/19/12 0:00,38132
5/21/12 0:00,29133
5/23/12 0:00,26784
5/25/12 0:00,29007
5/27/12 0:00,22251
5/29/12 0:00,31160
5/31/12 0:00,20951
6/2/12 0:00,18570
6/4/12 0:00,44984
6/6/12 0:00,18275
6/8/12 0:00,26974
6/10/12 0:00,39328
6/12/12 0:00,20796
6/14/12 0:00,56997
6/16/12 0:00,49313
6/18/12 0:00,39028
6/20/12 0:00,33475
6/22/12 0:00,25550
6/24/12 0:00,21880
6/26/12 0:00,32547
6/28/12 0:00,27315
6/30/12 0:00,23608
7/2/12 0:00,25272
7/4/12 0:00,21992
7/6/12 0:00,21962
7/8/12 0:00,21697
7/10/12 0:00,33442
7/12/12 0:00,26493
7/14/12 0:00,25417
7/16/12 0:00,30561
7/18/12 0:00,30733
7/20/12 0:00,35383
7/22/12 0:00,29975
7/24/12 0:00,29945
7/26/12 0:00,30652
7/28/12 0:00,33187
7/30/12 0:00,38204
8/1/12 0:00,34163
8/3/12 0:00,29356
8/5/12 0:00,32003
8/7/12 0:00,28636
8/9/12 0:00,33117
8/11/12 0:00,29979
8/13/12 0:00,49678
8/15/12 0:00,49070
8/17/12 0:00,40897
8/19/12 0:00,35022
8/21/12 0:00,40494
8/23/12 0:00,31765
8/25/12 0:00,35491
8/27/12 0:00,31308
8/29/12 0:00,33804
8/31/12 0:00,41495
9/2/12 0:00,31268
9/4/12 0:00,36940
9/6/12 0:00,44218
9/8/12 0:00,34359
9/10/12 0:00,32055
9/12/12 0:00,30406
9/14/12 0:00,35146
9/16/12 0:00,27351
9/18/12 0:00,31313
9/20/12 0:00,33825
9/22/12 0:00,23847
9/24/12 0:00,31279
9/26/12 0:00,31886
9/28/12 0:00,29898
9/30/12 0:00,21143
10/2/12 0:00,28543
10/4/12 0:00,29518
10/6/12 0:00,35662
10/8/12 0:00,38366
10/10/12 0:00,32255
10/12/12 0:00,24200
10/14/12 0:00,26981
10/16/12 0:00,33464
10/18/12 0:00,28432
10/20/12 0:00,27673
10/22/12 0:00,35647
10/24/12 0:00,33568
10/26/12 0:00,22540
10/28/12 0:00,17381
10/30/12 0:00,29930
11/1/12 0:00,25458
11/3/12 0:00,25264
11/5/12 0:00,32202
11/7/12 0:00,37442
11/9/12 0:00,26851
11/11/12 0:00,23728
11/13/12 0:00,24841
11/15/12 0:00,37743
11/17/12 0:00,34273
11/19/12 0:00,35160
11/21/12 0:00,41245
11/23/12 0:00,31482
11/25/12 0:00,34821
11/27/12 0:00,29528
11/29/12 0:00,39050
12/1/12 0:00,37722
12/3/12 0:00,22407
12/5/12 0:00,33176
12/7/12 0:00,32887
12/9/12 0:00,32838
12/11/12 0:00,36341
12/13/12 0:00,40260
12/15/12 0:00,33526
12/17/12 0:00,40828
12/19/12 0:00,49016
12/21/12 0:00,40658
12/23/12 0:00,39228
12/25/12 0:00,27560
12/27/12 0:00,43119
12/29/12 0:00,39248
12/31/12 0:00,34228
1/2/13 0:00,38986
1/4/13 0:00,49926
1/6/13 0:00,34519
1/8/13 0:00,35390
1/10/13 0:00,51393
1/12/13 0:00,46836
1/14/13 0:00,43799
1/16/13 0:00,52197
1/18/13 0:00,50896
1/20/13 0:00,41636
1/22/13 0:00,40199
1/24/13 0:00,46607
1/26/13 0:00,53420
1/28/13 0:00,52321
1/30/13 0:00,45810
2/1/13 0:00,56756
2/3/13 0:00,56212
2/5/13 0:00,53445
2/7/13 0:00,58215
2/9/13 0:00,50847
2/11/13 0:00,58835
2/13/13 0:00,57398
2/15/13 0:00,57505
2/17/13 0:00,50400
2/19/13 0:00,55598
2/21/13 0:00,58996
2/23/13 0:00,59386
2/25/13 0:00,65164
2/27/13 0:00,62952
3/1/13 0:00,65797
3/3/13 0:00,49631
3/5/13 0:00,56039
3/7/13 0:00,62423
3/9/13 0:00,47671
3/11/13 0:00,67610
3/13/13 0:00,56177
3/15/13 0:00,60064
3/17/13 0:00,34164
3/19/13 0:00,48705
3/21/13 0:00,53840
3/23/13 0:00,58002
3/25/13 0:00,51011
3/27/13 0:00,51993
3/29/13 0:00,66205
3/31/13 0:00,44586
4/2/13 0:00,60268
4/4/13 0:00,69048
4/6/13 0:00,57200
4/8/13 0:00,63470
4/10/13 0:00,68820
4/12/13 0:00,60395
4/14/13 0:00,53417
4/16/13 0:00,65797
4/18/13 0:00,52605
4/20/13 0:00,48016
4/22/13 0:00,46737
4/24/13 0:00,67982
4/26/13 0:00,56533
4/28/13 0:00,40986
4/30/13 0:00,48795
5/2/13 0:00,57278
5/4/13 0:00,48349
5/6/13 0:00,51244
5/8/13 0:00,47359
5/10/13 0:00,67937
5/12/13 0:00,69320
5/14/13 0:00,63287
5/16/13 0:00,60543
5/18/13 0:00,51982
5/20/13 0:00,50093
5/22/13 0:00,53981
5/24/13 0:00,55106
5/26/13 0:00,39879
5/28/13 0:00,55138
5/30/13 0:00,57170
6/1/13 0:00,52390
6/3/13 0:00,52048
6/5/13 0:00,54947
6/7/13 0:00,54331
6/9/13 0:00,46237
6/11/13 0:00,51208
6/13/13 0:00,43302
6/15/13 0:00,41531
6/17/13 0:00,43399
6/19/13 0:00,46903
6/21/13 0:00,52994
6/23/13 0:00,40634
6/25/13 0:00,45588
6/27/13 0:00,46797
6/29/13 0:00,38973
7/1/13 0:00,34053
7/3/13 0:00,35351
7/5/13 0:00,36291
7/7/13 0:00,28865
7/9/13 0:00,41777
7/11/13 0:00,41040
7/13/13 0:00,40313
7/15/13 0:00,36738
7/17/13 0:00,39565
7/19/13 0:00,38020
7/21/13 0:00,36884
7/23/13 0:00,39644
7/25/13 0:00,42304
7/27/13 0:00,35987
7/29/13 0:00,44260
7/31/13 0:00,51919
8/2/13 0:00,53174
8/4/13 0:00,44605
8/6/13 0:00,52260
8/8/13 0:00,57036
8/10/13 0:00,52040
8/12/13 0:00,45811
8/14/13 0:00,50484
8/16/13 0:00,68301
8/18/13 0:00,53134
8/20/13 0:00,66539
8/22/13 0:00,62772
8/24/13 0:00,51085
8/26/13 0:00,53528
8/28/13 0:00,63645
8/30/13 0:00,60716
9/1/13 0:00,45578
9/3/13 0:00,50503
9/5/13 0:00,60222
9/7/13 0:00,54231
9/9/13 0:00,54966
9/11/13 0:00,49512
9/13/13 0:00,48362
9/15/13 0:00,46764
9/17/13 0:00,66291
9/19/13 0:00,59004
9/21/13 0:00,53286
9/23/13 0:00,60286
9/25/13 0:00,58150
9/27/13 0:00,50429
9/29/13 0:00,41741
10/1/13 0:00,55320
10/3/13 0:00,61708
10/5/13 0:00,47895
10/7/13 0:00,43235
10/9/13 0:00,46991
10/11/13 0:00,54449
10/13/13 0:00,51248
10/15/13 0:00,57320
10/17/13 0:00,45193
10/19/13 0:00,54639
10/21/13 0:00,58142
10/23/13 0:00,54572
10/25/13 0:00,59853
10/27/13 0:00,44388
10/29/13 0:00,51237
10/31/13 0:00,56476
11/2/13 0:00,41179
11/4/13 0:00,42094
11/6/13 0:00,55035
11/8/13 0:00,59961
11/10/13 0:00,57169
11/12/13 0:00,58510
11/14/13 0:00,70175
11/16/13 0:00,51595
11/18/13 0:00,73198
11/20/13 0:00,77962
11/22/13 0:00,76646
11/24/13 0:00,60018
11/26/13 0:00,80055
11/28/13 0:00,102010
11/30/13 0:00,80868
12/2/13 0:00,74324
12/4/13 0:00,79738
12/6/13 0:00,71277
12/8/13 0:00,49174
12/10/13 0:00,67874
12/12/13 0:00,59677
12/14/13 0:00,55858
12/16/13 0:00,63090
12/18/13 0:00,81656
12/20/13 0:00,69475
12/22/13 0:00,51543
12/24/13 0:00,56872
12/26/13 0:00,48575
12/28/13 0:00,47777
12/30/13 0:00,56501
1/1/14 0:00,41476
1/3/14 0:00,63821
1/5/14 0:00,55761
1/7/14 0:00,62126
1/9/14 0:00,58365
1/11/14 0:00,56464
1/13/14 0:00,54756
1/15/14 0:00,60392
1/17/14 0:00,58397
1/19/14 0:00,49224
1/21/14 0:00,71521
1/23/14 0:00,63527
1/25/14 0:00,55371
1/27/14 0:00,60746
1/29/14 0:00,61786
1/31/14 0:00,61999
2/2/14 0:00,50400
2/4/14 0:00,65812
2/6/14 0:00,69721
2/8/14 0:00,64069
2/10/14 0:00,67622
2/12/14 0:00,62805
2/14/14 0:00,76660
2/16/14 0:00,56785
2/18/14 0:00,68333
2/20/14 0:00,71666
2/22/14 0:00,59691
2/24/14 0:00,68496
2/26/14 0:00,71527
2/28/14 0:00,71658
3/2/14 0:00,59067
3/4/14 0:00,85916
3/6/14 0:00,71619
3/8/14 0:00,71019
3/10/14 0:00,66786
3/12/14 0:00,76019
3/14/14 0:00,68735
3/16/14 0:00,58730
3/18/14 0:00,57881
3/20/14 0:00,72117
3/22/14 0:00,69139
3/24/14 0:00,67382
3/26/14 0:00,69897
3/28/14 0:00,69155
3/30/14 0:00,55333
4/1/14 0:00,64692
4/3/14 0:00,67292
4/5/14 0:00,59610
4/7/14 0:00,62222
4/9/14 0:00,64278
4/11/14 0:00,66874
4/13/14 0:00,49420
4/15/14 0:00,74882
4/17/14 0:00,67212
4/19/14 0:00,56685
4/21/14 0:00,57961
4/23/14 0:00,72147
4/25/14 0:00,78038
4/27/14 0:00,50392
4/29/14 0:00,64207
5/1/14 0:00,60910
5/3/14 0:00,56112
5/5/14 0:00,63433
5/7/14 0:00,70424
5/9/14 0:00,67693
5/11/14 0:00,51666
5/13/14 0:00,70672
5/15/14 0:00,72761
5/17/14 0:00,55577
5/19/14 0:00,60368
5/21/14 0:00,71120
5/23/14 0:00,74593
5/25/14 0:00,53928
5/27/14 0:00,67040
5/29/14 0:00,65930
5/31/14 0:00,55166
6/2/14 0:00,61179
6/4/14 0:00,66435
6/6/14 0:00,64859
6/8/14 0:00,47730
6/10/14 0:00,65460
6/12/14 0:00,61583
6/14/14 0:00,58961
6/16/14 0:00,65347
6/18/14 0:00,66992
6/20/14 0:00,59884
6/22/14 0:00,50429
6/24/14 0:00,64766
6/26/14 0:00,62354
6/28/14 0:00,56883
6/30/14 0:00,62009
7/2/14 0:00,67724
7/4/14 0:00,61901
7/6/14 0:00,53366
7/8/14 0:00,70042
7/10/14 0:00,64146
7/12/14 0:00,54181
7/14/14 0:00,59877
7/16/14 0:00,67767
7/18/14 0:00,62427
7/20/14 0:00,54742
7/22/14 0:00,66921
7/24/14 0:00,64815
7/26/14 0:00,57528
7/28/14 0:00,59561
7/30/14 0:00,64442
8/1/14 0:00,69283
8/3/14 0:00,52550
8/5/14 0:00,72928
8/7/14 0:00,70732
8/9/14 0:00,62960
8/11/14 0:00,70184
8/13/14 0:00,75011
8/15/14 0:00,69698
8/17/14 0:00,59319
8/19/14 0:00,75458
8/21/14 0:00,75470
8/23/14 0:00,60189
8/25/14 0:00,66411
8/27/14 0:00,74318
8/29/14 0:00,67664
8/31/14 0:00,59751
9/2/14 0:00,71539
9/4/14 0:00,70940
9/6/14 0:00,67529
9/8/14 0:00,71754
9/10/14 0:00,76417
9/12/14 0:00,66303
9/14/14 0:00,66033
9/16/14 0:00,89326
9/18/14 0:00,79754
9/20/14 0:00,62315
9/22/14 0:00,68526
9/24/14 0:00,81104
9/26/14 0:00,73278
9/28/14 0:00,62200
9/30/14 0:00,78590
10/2/14 0:00,74630
10/4/14 0:00,70430
10/6/14 0:00,75126
10/8/14 0:00,80324
10/10/14 0:00,84811
10/12/14 0:00,63946
10/14/14 0:00,81491
10/16/14 0:00,74010
10/18/14 0:00,69474
10/20/14 0:00,78443
10/22/14 0:00,79546
10/24/14 0:00,81643
10/26/14 0:00,70537
10/28/14 0:00,88600
10/30/14 0:00,93338
11/1/14 0:00,74548
11/3/14 0:00,84522
11/5/14 0:00,89249
11/7/14 0:00,89542
11/9/14 0:00,72217
11/11/14 0:00,87338
11/13/14 0:00,100117
11/15/14 0:00,74831
11/17/14 0:00,85201
11/19/14 0:00,87321
11/21/14 0:00,86577
11/23/14 0:00,75041
11/25/14 0:00,82813
11/27/14 0:00,82979
11/29/14 0:00,81452
12/1/14 0:00,95220
12/3/14 0:00,97296
12/5/14 0:00,92900
12/7/14 0:00,77357
12/9/14 0:00,89587
12/11/14 0:00,85829
12/13/14 0:00,79512
12/15/14 0:00,95727
12/17/14 0:00,93704
12/19/14 0:00,92052
12/21/14 0:00,80829
12/23/14 0:00,99770
12/25/14 0:00,70684
12/27/14 0:00,78776
12/29/14 0:00,79812
12/31/14 0:00,83768
1/2/15 0:00,72234
1/4/15 0:00,85570
1/6/15 0:00,87160
1/8/15 0:00,99126
1/10/15 0:00,105895
1/12/15 0:00,98185
1/14/15 0:00,104481
1/16/15 0:00,112530
1/18/15 0:00,87047
1/20/15 0:00,98890
1/22/15 0:00,94979
1/24/15 0:00,89630
1/26/15 0:00,105423
1/28/15 0:00,89287
1/30/15 0:00,86360
2/1/15 0:00,79193
2/3/15 0:00,93499
2/5/15 0:00,90028
2/7/15 0:00,86207
2/9/15 0:00,95860
2/11/15 0:00,98701
2/13/15 0:00,107390
2/15/15 0:00,85355
2/17/15 0:00,98899
2/19/15 0:00,96005
2/21/15 0:00,92541
2/23/15 0:00,96936
2/25/15 0:00,104785
2/27/15 0:00,103395
3/1/15 0:00,86274
3/3/15 0:00,109142
3/5/15 0:00,96611
3/7/15 0:00,94270
3/9/15 0:00,96449
3/11/15 0:00,102856
3/13/15 0:00,96745
3/15/15 0:00,84477
3/17/15 0:00,104238
3/19/15 0:00,102414
3/21/15 0:00,100458
3/23/15 0:00,106330
3/25/15 0:00,93930
3/27/15 0:00,106302
3/29/15 0:00,87456
3/31/15 0:00,105294
4/2/15 0:00,115686
4/4/15 0:00,94152
4/6/15 0:00,100949
4/8/15 0:00,108047
4/10/15 0:00,114091
4/12/15 0:00,88884
4/14/15 0:00,113372
4/16/15 0:00,104063
4/18/15 0:00,100484
4/20/15 0:00,115128
4/22/15 0:00,113657
4/24/15 0:00,110568
4/26/15 0:00,93761
4/28/15 0:00,112434
4/30/15 0:00,114070
5/2/15 0:00,96416
5/4/15 0:00,94120
5/6/15 0:00,113496
5/8/15 0:00,108365
5/10/15 0:00,90054
5/12/15 0:00,114424
5/14/15 0:00,101228
5/16/15 0:00,93025
5/18/15 0:00,97915
5/20/15 0:00,107683
5/22/15 0:00,100591
5/24/15 0:00,87996
5/26/15 0:00,106971
5/28/15 0:00,109786
5/30/15 0:00,132907
6/1/15 0:00,116959
6/3/15 0:00,125399
6/5/15 0:00,109700
6/7/15 0:00,88440
6/9/15 0:00,115633
6/11/15 0:00,125147
6/13/15 0:00,112813
6/15/15 0:00,122279
6/17/15 0:00,133747
6/19/15 0:00,125430
6/21/15 0:00,91203
6/23/15 0:00,128795
6/25/15 0:00,113329
6/27/15 0:00,108876
6/29/15 0:00,117119
7/1/15 0:00,150917
7/3/15 0:00,138811
7/5/15 0:00,101714
7/7/15 0:00,201921
7/9/15 0:00,187202
7/11/15 0:00,171652
7/13/15 0:00,176542
7/15/15 0:00,122340
7/17/15 0:00,118048
7/19/15 0:00,134643
7/21/15 0:00,123367
7/23/15 0:00,111582
7/25/15 0:00,106038
7/27/15 0:00,111331
7/29/15 0:00,136195
7/31/15 0:00,133640
8/2/15 0:00,98976
8/4/15 0:00,132719
8/6/15 0:00,132494
8/8/15 0:00,104420
8/10/15 0:00,110686
8/12/15 0:00,115754
8/14/15 0:00,107950
8/16/15 0:00,86583
8/18/15 0:00,120131
8/20/15 0:00,116834
8/22/15 0:00,107795
8/24/15 0:00,117026
8/26/15 0:00,125549
8/28/15 0:00,121692
8/30/15 0:00,92338
9/1/15 0:00,140970
9/3/15 0:00,137446
9/5/15 0:00,137427
9/7/15 0:00,119041
9/9/15 0:00,128619
9/11/15 0:00,165288
9/13/15 0:00,139320
9/15/15 0:00,165993
9/17/15 0:00,241346
9/19/15 0:00,117999
9/21/15 0:00,124667
9/23/15 0:00,134964
9/25/15 0:00,130740
9/27/15 0:00,107256
9/29/15 0:00,139440
10/1/15 0:00,135885
10/3/15 0:00,132880
10/5/15 0:00,117528
10/7/15 0:00,139516
10/9/15 0:00,119490
10/11/15 0:00,105878
10/13/15 0:00,133757
10/15/15 0:00,157228
10/17/15 0:00,139308
10/19/15 0:00,136583
10/21/15 0:00,161031
10/23/15 0:00,146222
10/25/15 0:00,128209
10/27/15 0:00,141609
10/29/15 0:00,165622
10/31/15 0:00,155292
11/2/15 0:00,159656
11/4/15 0:00,211121
11/6/15 0:00,165214
11/8/15 0:00,134785
11/10/15 0:00,154030
11/12/15 0:00,154219
11/14/15 0:00,156065
11/16/15 0:00,150942
11/18/15 0:00,168587
11/20/15 0:00,155128
11/22/15 0:00,126564
11/24/15 0:00,150056
11/26/15 0:00,164730
11/28/15 0:00,171602
11/30/15 0:00,172183
12/2/15 0:00,177277
12/4/15 0:00,160944
12/6/15 0:00,179777
12/8/15 0:00,192097
12/10/15 0:00,211452
12/12/15 0:00,211456
12/14/15 0:00,221499
12/16/15 0:00,222531
12/18/15 0:00,214387
12/20/15 0:00,191441
12/22/15 0:00,223130
12/24/15 0:00,227189
12/26/15 0:00,170904
12/28/15 0:00,166837
12/30/15 0:00,181836
1/1/16 0:00,123623
1/3/16 0:00,141064
1/5/16 0:00,187012
1/7/16 0:00,177873
1/9/16 0:00,178374
1/11/16 0:00,179771
1/13/16 0:00,191628
1/15/16 0:00,185105
1/17/16 0:00,192731
1/19/16 0:00,205735
1/21/16 0:00,210240
1/23/16 0:00,200913
1/25/16 0:00,210592
1/27/16 0:00,226385
1/29/16 0:00,222622
1/31/16 0:00,168625
2/2/16 0:00,231998
2/4/16 0:00,201065
2/6/16 0:00,232752
2/8/16 0:00,220559
2/10/16 0:00,233941
2/12/16 0:00,202906
2/14/16 0:00,188927
2/16/16 0:00,218780
2/18/16 0:00,212765
2/20/16 0:00,225259
2/22/16 0:00,224964
2/24/16 0:00,225112
2/26/16 0:00,209880
2/28/16 0:00,224697
3/1/16 0:00,260619
3/3/16 0:00,221257
3/5/16 0:00,238117
3/7/16 0:00,183530
3/9/16 0:00,187623
3/11/16 0:00,193874
3/13/16 0:00,141116
3/15/16 0:00,197677
3/17/16 0:00,206973
3/19/16 0:00,188863
3/21/16 0:00,189228
3/23/16 0:00,187877
3/25/16 0:00,173609
3/27/16 0:00,161486
3/29/16 0:00,191841
3/31/16 0:00,208976
4/2/16 0:00,196651
4/4/16 0:00,200979
4/6/16 0:00,218585
4/8/16 0:00,215441
4/10/16 0:00,181662
4/12/16 0:00,240200
4/14/16 0:00,230281
4/16/16 0:00,192621
4/18/16 0:00,203165
4/20/16 0:00,216780
4/22/16 0:00,210976
4/24/16 0:00,183155
4/26/16 0:00,250744
4/28/16 0:00,247958
4/30/16 0:00,215712
5/2/16 0:00,223785
5/4/16 0:00,233693
5/6/16 0:00,233232
5/8/16 0:00,185562
5/10/16 0:00,245721
5/12/16 0:00,228409
5/14/16 0:00,211280
5/16/16 0:00,239809
5/18/16 0:00,235084
5/20/16 0:00,209396
5/22/16 0:00,184348
5/24/16 0:00,246517
5/26/16 0:00,220093
5/28/16 0:00,193054
5/30/16 0:00,211369
6/1/16 0:00,234385
6/3/16 0:00,234669
6/5/16 0:00,190528
6/7/16 0:00,248576
6/9/16 0:00,236353
6/11/16 0:00,213159
6/13/16 0:00,251354
6/15/16 0:00,262510
6/17/16 0:00,253752
6/19/16 0:00,218298
6/21/16 0:00,248164
6/23/16 0:00,241300
6/25/16 0:00,210998
6/27/16 0:00,217029
6/29/16 0:00,224112
7/1/16 0:00,210409
7/3/16 0:00,177127
7/5/16 0:00,214959
7/7/16 0:00,216812
7/9/16 0:00,185405
7/11/16 0:00,218089
7/13/16 0:00,218093
7/15/16 0:00,216081
7/17/16 0:00,171013
7/19/16 0:00,222146
7/21/16 0:00,217606
7/23/16 0:00,195796
7/25/16 0:00,240533
7/27/16 0:00,235603
7/29/16 0:00,231414
7/31/16 0:00,192254
8/2/16 0:00,252252
8/4/16 0:00,231835
8/6/16 0:00,196551
8/8/16 0:00,236291
8/10/16 0:00,245581
8/12/16 0:00,232973
8/14/16 0:00,200577
8/16/16 0:00,256447
8/18/16 0:00,239541
8/20/16 0:00,210352
8/22/16 0:00,229801
8/24/16 0:00,237956
8/26/16 0:00,226767
8/28/16 0:00,174489
8/30/16 0:00,254486
9/1/16 0:00,238207
9/3/16 0:00,182204
9/5/16 0:00,227683
9/7/16 0:00,250809
9/9/16 0:00,222094
9/11/16 0:00,180391
9/13/16 0:00,241215
9/15/16 0:00,233488
9/17/16 0:00,215529
9/19/16 0:00,223540
9/21/16 0:00,239216
9/23/16 0:00,223187
9/25/16 0:00,197298
9/27/16 0:00,243008
9/29/16 0:00,242730
10/1/16 0:00,213930
10/3/16 0:00,260813
10/5/16 0:00,266811
10/7/16 0:00,268419
10/9/16 0:00,210548
10/11/16 0:00,263565
10/13/16 0:00,229703
10/15/16 0:00,210448
10/17/16 0:00,237232
10/19/16 0:00,201025
10/21/16 0:00,265355
10/23/16 0:00,191578
10/25/16 0:00,237030
10/27/16 0:00,326388
10/29/16 0:00,229689
10/31/16 0:00,241778
11/2/16 0:00,268418
11/4/16 0:00,248043
11/6/16 0:00,228420
11/8/16 0:00,296060
11/10/16 0:00,271374
11/12/16 0:00,228886
11/14/16 0:00,270506
11/16/16 0:00,291186
11/18/16 0:00,275925
11/20/16 0:00,246537
11/22/16 0:00,285635
11/24/16 0:00,333466
11/26/16 0:00,279374
11/28/16 0:00,298530
11/30/16 0:00,292654
12/2/16 0:00,318263
12/4/16 0:00,245650
12/6/16 0:00,319762
12/8/16 0:00,282711
12/10/16 0:00,250241
12/12/16 0:00,268662
12/14/16 0:00,286328
12/16/16 0:00,279361
12/18/16 0:00,235789
12/20/16 0:00,296473
12/22/16 0:00,314644
12/24/16 0:00,240820
12/26/16 0:00,244914
12/28/16 0:00,305394
12/30/16 0:00,286818
1/1/17 0:00,180502
1/3/17 0:00,301664
1/5/17 0:00,288501
1/7/17 0:00,284719
1/9/17 0:00,269947
1/11/17 0:00,303058
1/13/17 0:00,275149
1/15/17 0:00,235999
1/17/17 0:00,292697
1/19/17 0:00,300605
1/21/17 0:00,263562
1/23/17 0:00,236692
1/25/17 0:00,305961
1/27/17 0:00,263332
1/29/17 0:00,241627
1/31/17 0:00,307683
2/2/17 0:00,259559
2/4/17 0:00,286326
2/6/17 0:00,230027
2/8/17 0:00,308316
2/10/17 0:00,304456
2/12/17 0:00,238182
2/14/17 0:00,315084
2/16/17 0:00,285329
2/18/17 0:00,288149
2/20/17 0:00,282728
2/22/17 0:00,284024
2/24/17 0:00,350751
2/26/17 0:00,265203
2/28/17 0:00,325414
3/2/17 0:00,329428
3/4/17 0:00,268875
3/6/17 0:00,287731
3/8/17 0:00,297108
3/10/17 0:00,308482
3/12/17 0:00,221110
3/14/17 0:00,310395
3/16/17 0:00,327034
3/18/17 0:00,263530
3/20/17 0:00,277033
3/22/17 0:00,320713
3/24/17 0:00,289521
3/26/17 0:00,221915
3/28/17 0:00,294001
3/30/17 0:00,288788
4/1/17 0:00,255871
4/3/17 0:00,288141
4/5/17 0:00,316555
4/7/17 0:00,295463
4/9/17 0:00,238286
4/11/17 0:00,307893
4/13/17 0:00,228679
4/15/17 0:00,271976
4/17/17 0:00,245184
4/19/17 0:00,310104
4/21/17 0:00,330354
4/23/17 0:00,245039
4/25/17 0:00,325387
4/27/17 0:00,297884
4/29/17 0:00,341319
5/1/17 0:00,294786
5/3/17 0:00,295149
5/5/17 0:00,267193
5/7/17 0:00,316011
5/9/17 0:00,332879
5/11/17 0:00,294743
5/13/17 0:00,329266
5/15/17 0:00,329229
5/17/17 0:00,317527
5/19/17 0:00,319502
5/21/17 0:00,326057
5/23/17 0:00,367710
5/25/17 0:00,350114
5/27/17 0:00,331914
5/29/17 0:00,321638
5/31/17 0:00,321634
6/2/17 0:00,271539
6/4/17 0:00,266044
6/6/17 0:00,297416
6/8/17 0:00,307377
6/10/17 0:00,254993
6/12/17 0:00,269098
6/14/17 0:00,287644
6/16/17 0:00,269937
6/18/17 0:00,209359
6/20/17 0:00,269438
6/22/17 0:00,269685
6/24/17 0:00,227127
6/26/17 0:00,261906
6/28/17 0:00,279811
6/30/17 0:00,267360
7/2/17 0:00,196539
7/4/17 0:00,255483
7/6/17 0:00,225106
7/8/17 0:00,220835
7/10/17 0:00,251722
7/12/17 0:00,257138
7/14/17 0:00,227903
7/16/17 0:00,203165
7/18/17 0:00,260575
7/20/17 0:00,230199
7/22/17 0:00,223358
7/24/17 0:00,240072
7/26/17 0:00,237853
7/28/17 0:00,247207
7/30/17 0:00,184145
8/1/17 0:00,131875
8/3/17 0:00,213017
8/5/17 0:00,239771
8/7/17 0:00,249002
8/9/17 0:00,260955
8/11/17 0:00,284001
8/13/17 0:00,263310
8/15/17 0:00,311002
8/17/17 0:00,347319
8/19/17 0:00,266832
8/21/17 0:00,236772
8/23/17 0:00,315734
8/25/17 0:00,208169
8/27/17 0:00,261891
8/29/17 0:00,281116
8/31/17 0:00,280724
9/2/17 0:00,236811
9/4/17 0:00,269280
9/6/17 0:00,276225
9/8/17 0:00,279488
9/10/17 0:00,193240
9/12/17 0:00,256230
9/14/17 0:00,268068
9/16/17 0:00,228257
9/18/17 0:00,218204
9/20/17 0:00,235723
9/22/17 0:00,227615
9/24/17 0:00,185277
9/26/17 0:00,263648
9/28/17 0:00,275976
9/30/17 0:00,212678
10/2/17 0:00,295002
10/4/17 0:00,232826
10/6/17 0:00,283699
10/8/17 0:00,238385
10/10/17 0:00,303101
10/12/17 0:00,293164
10/14/17 0:00,293140
10/16/17 0:00,314725
10/18/17 0:00,329579
10/20/17 0:00,312409
10/22/17 0:00,289131
10/24/17 0:00,347220
10/26/17 0:00,265827
10/28/17 0:00,207066
10/30/17 0:00,316077
11/1/17 0:00,241788
11/3/17 0:00,277598
11/5/17 0:00,251728
11/7/17 0:00,335636
11/9/17 0:00,341281
11/11/17 0:00,194634
11/13/17 0:00,309299
11/15/17 0:00,321788